dataset,model,seed,rate,accuracy,recall_g0,recall_g1,masking_gap,exploratory
Adult Income,LR,42,0.0,0.823012,0.215084,0.471414,0.0,False
Adult Income,LR,42,0.05,0.821271,0.217877,0.443831,-0.004533,False
Adult Income,LR,42,0.1,0.81861,0.223464,0.419258,-0.012782,False
Adult Income,LR,42,0.2,0.810216,0.195531,0.355567,0.006757,False
Adult Income,RF,42,0.0,0.858123,0.597765,0.62989,0.0,False
Adult Income,RF,42,0.05,0.854233,0.592179,0.597292,0.001697,False
Adult Income,RF,42,0.1,0.849729,0.567039,0.5667,0.022332,False
Adult Income,RF,42,0.2,0.839185,0.505587,0.494985,0.073241,False
Adult Income,XGB,42,0.0,0.872863,0.634078,0.673019,0.0,False
Adult Income,XGB,42,0.05,0.869792,0.620112,0.643932,0.010896,False
Adult Income,XGB,42,0.1,0.863753,0.586592,0.60682,0.038376,False
Adult Income,XGB,42,0.2,0.849012,0.51676,0.523069,0.093467,False
Adult Income,LGB,42,0.0,0.875115,0.636872,0.664493,0.0,False
Adult Income,LGB,42,0.05,0.870509,0.614525,0.630391,0.01774,False
Adult Income,LGB,42,0.1,0.863241,0.589385,0.589268,0.035612,False
Adult Income,LGB,42,0.2,0.850241,0.49162,0.507523,0.120377,False
Adult Income,MLP,42,0.0,0.84891,0.458101,0.565196,0.0,False
Adult Income,MLP,42,0.05,0.844508,0.460894,0.540622,-0.007195,False
Adult Income,MLP,42,0.1,0.83939,0.444134,0.512538,0.004447,False
Adult Income,MLP,42,0.2,0.827618,0.391061,0.443831,0.045747,False
Adult Income,LR,123,0.0,0.821476,0.233728,0.475174,0.0,False
Adult Income,LR,123,0.05,0.816358,0.221893,0.443893,0.006716,False
Adult Income,LR,123,0.1,0.812366,0.210059,0.414101,0.014558,False
Adult Income,LR,123,0.2,0.805917,0.198225,0.357994,0.019944,False
Adult Income,RF,123,0.0,0.857713,0.517751,0.63853,0.0,False
Adult Income,RF,123,0.05,0.852595,0.505917,0.605263,0.006716,False
Adult Income,RF,123,0.1,0.84717,0.485207,0.572989,0.022001,False
Adult Income,RF,123,0.2,0.83591,0.452663,0.504965,0.043285,False
Adult Income,XGB,123,0.0,0.873375,0.56213,0.681231,0.0,False
Adult Income,XGB,123,0.05,0.867745,0.547337,0.649454,0.009163,False
Adult Income,XGB,123,0.1,0.861808,0.526627,0.619662,0.023936,False
Adult Income,XGB,123,0.2,0.845429,0.467456,0.542701,0.066729,False
Adult Income,LGB,123,0.0,0.870816,0.565089,0.658391,0.0,False
Adult Income,LGB,123,0.05,0.864265,0.547337,0.622145,0.0112,False
Adult Income,LGB,123,0.1,0.859556,0.505917,0.599801,0.047911,False
Adult Income,LGB,123,0.2,0.847579,0.467456,0.533267,0.074396,False
Adult Income,MLP,123,0.0,0.847886,0.402367,0.580437,0.0,False
Adult Income,MLP,123,0.05,0.843996,0.399408,0.555611,-0.000931,False
Adult Income,MLP,123,0.1,0.837547,0.363905,0.530288,0.028123,False
Adult Income,MLP,123,0.2,0.825775,0.33432,0.468719,0.045937,False
Adult Income,LR,456,0.0,0.822193,0.204142,0.460775,0.0,False
Adult Income,LR,456,0.05,0.819429,0.189349,0.432473,0.012029,False
Adult Income,LR,456,0.1,0.814925,0.180473,0.401688,0.016401,False
Adult Income,LR,456,0.2,0.807862,0.162722,0.351043,0.027089,False
Adult Income,RF,456,0.0,0.85454,0.529586,0.620655,0.0,False
Adult Income,RF,456,0.05,0.851162,0.488166,0.595333,0.038042,False
Adult Income,RF,456,0.1,0.845737,0.45858,0.567527,0.062203,False
Adult Income,RF,456,0.2,0.836831,0.411243,0.496028,0.100634,False
Adult Income,XGB,456,0.0,0.872761,0.609467,0.662363,0.0,False
Adult Income,XGB,456,0.05,0.868973,0.571006,0.63853,0.034674,False
Adult Income,XGB,456,0.1,0.864265,0.550296,0.609235,0.050675,False
Adult Income,XGB,456,0.2,0.851776,0.473373,0.544191,0.11511,False
Adult Income,LGB,456,0.0,0.874501,0.585799,0.663357,0.0,False
Adult Income,LGB,456,0.05,0.868769,0.550296,0.635551,0.029771,False
Adult Income,LGB,456,0.1,0.861808,0.523669,0.600298,0.049437,False
Adult Income,LGB,456,0.2,0.850752,0.473373,0.531281,0.088677,False
Adult Income,MLP,456,0.0,0.842666,0.316568,0.554121,0.0,False
Adult Income,MLP,456,0.05,0.83939,0.313609,0.538729,-0.000317,False
Adult Income,MLP,456,0.1,0.834988,0.319527,0.517378,-0.010636,False
Adult Income,MLP,456,0.2,0.824342,0.289941,0.479146,0.008304,False
Adult Income,LR,1,0.0,0.819429,0.232836,0.465047,0.0,False
Adult Income,LR,1,0.05,0.817382,0.226866,0.438275,0.003923,False
Adult Income,LR,1,0.1,0.816767,0.226866,0.415964,0.003309,False
Adult Income,LR,1,0.2,0.81083,0.214925,0.364898,0.009312,False
Adult Income,RF,1,0.0,0.857816,0.540299,0.640555,0.0,False
Adult Income,RF,1,0.05,0.854438,0.510448,0.614279,0.026473,False
Adult Income,RF,1,0.1,0.848398,0.486567,0.580565,0.044314,False
Adult Income,RF,1,0.2,0.835193,0.397015,0.503223,0.120661,False
Adult Income,XGB,1,0.0,0.868871,0.602985,0.66237,0.0,False
Adult Income,XGB,1,0.05,0.864367,0.564179,0.637581,0.034302,False
Adult Income,XGB,1,0.1,0.85843,0.534328,0.607338,0.058216,False
Adult Income,XGB,1,0.2,0.848807,0.474627,0.546852,0.108295,False
Adult Income,LGB,1,0.0,0.872351,0.567164,0.673773,0.0,False
Adult Income,LGB,1,0.05,0.868769,0.546269,0.648488,0.017313,False
Adult Income,LGB,1,0.1,0.861603,0.513433,0.618245,0.042983,False
Adult Income,LGB,1,0.2,0.852083,0.453731,0.559246,0.093165,False
Adult Income,MLP,1,0.0,0.847681,0.465672,0.592464,0.0,False
Adult Income,MLP,1,0.05,0.843177,0.447761,0.567675,0.013406,False
Adult Income,MLP,1,0.1,0.838571,0.450746,0.543877,0.005815,False
Adult Income,MLP,1,0.2,0.829563,0.41791,0.490332,0.029643,False
Adult Income,LR,7,0.0,0.820248,0.227027,0.478305,0.0,False
Adult Income,LR,7,0.05,0.818508,0.224324,0.452573,0.000963,False
Adult Income,LR,7,0.1,0.815232,0.216216,0.426842,0.005795,False
Adult Income,LR,7,0.2,0.809909,0.186486,0.370333,0.030202,False
Adult Income,RF,7,0.0,0.852697,0.510811,0.636731,0.0,False
Adult Income,RF,7,0.05,0.847989,0.491892,0.602926,0.01421,False
Adult Income,RF,7,0.1,0.844099,0.462162,0.569627,0.04005,False
Adult Income,RF,7,0.2,0.83376,0.389189,0.502018,0.102684,False
Adult Income,XGB,7,0.0,0.866005,0.567568,0.667003,0.0,False
Adult Income,XGB,7,0.05,0.861194,0.548649,0.637235,0.014108,False
Adult Income,XGB,7,0.1,0.857406,0.537838,0.609485,0.021131,False
Adult Income,XGB,7,0.2,0.84502,0.451351,0.53885,0.095231,False
Adult Income,LGB,7,0.0,0.871021,0.581081,0.678103,0.0,False
Adult Income,LGB,7,0.05,0.865902,0.551351,0.64783,0.024611,False
Adult Income,LGB,7,0.1,0.861398,0.535135,0.612513,0.036324,False
Adult Income,LGB,7,0.2,0.848193,0.451351,0.539354,0.106902,False
Adult Income,MLP,7,0.0,0.837752,0.297297,0.572149,0.0,False
Adult Income,MLP,7,0.05,0.836524,0.291892,0.557013,0.004177,False
Adult Income,MLP,7,0.1,0.832327,0.275676,0.5333,0.016196,False
Adult Income,MLP,7,0.2,0.822807,0.254054,0.485368,0.028298,False
Adult Income,LR,13,0.0,0.821169,0.229167,0.445933,0.0,False
Adult Income,LR,13,0.05,0.817791,0.223214,0.419643,0.002574,False
Adult Income,LR,13,0.1,0.813492,0.21131,0.391369,0.01018,False
Adult Income,LR,13,0.2,0.806224,0.1875,0.334325,0.026721,False
Adult Income,RF,13,0.0,0.857099,0.574405,0.625992,0.0,False
Adult Income,RF,13,0.05,0.851059,0.550595,0.590278,0.01777,False
Adult Income,RF,13,0.1,0.845737,0.526786,0.551587,0.036257,False
Adult Income,RF,13,0.2,0.837036,0.449405,0.489583,0.104937,False
Adult Income,XGB,13,0.0,0.870713,0.60119,0.660714,0.0,False
Adult Income,XGB,13,0.05,0.864367,0.577381,0.629464,0.017463,False
Adult Income,XGB,13,0.1,0.857406,0.550595,0.597222,0.037288,False
Adult Income,XGB,13,0.2,0.843894,0.494048,0.53869,0.080323,False
Adult Income,LGB,13,0.0,0.872658,0.607143,0.650794,0.0,False
Adult Income,LGB,13,0.05,0.866414,0.571429,0.623016,0.02947,False
Adult Income,LGB,13,0.1,0.860068,0.550595,0.590278,0.043957,False
Adult Income,LGB,13,0.2,0.84891,0.497024,0.52629,0.08637,False
Adult Income,MLP,13,0.0,0.846146,0.494048,0.590278,0.0,False
Adult Income,MLP,13,0.05,0.841642,0.479167,0.56746,0.010377,False
Adult Income,MLP,13,0.1,0.835398,0.455357,0.532738,0.027942,False
Adult Income,MLP,13,0.2,0.827516,0.41369,0.474702,0.061727,False
Adult Income,LR,21,0.0,0.823626,0.212121,0.477627,0.0,False
Adult Income,LR,21,0.05,0.817586,0.201102,0.442433,0.00498,False
Adult Income,LR,21,0.1,0.814822,0.201102,0.414279,0.002216,False
Adult Income,LR,21,0.2,0.808169,0.187328,0.362494,0.009336,False
Adult Income,RF,21,0.0,0.855973,0.534435,0.63449,0.0,False
Adult Income,RF,21,0.05,0.847579,0.506887,0.59628,0.019154,False
Adult Income,RF,21,0.1,0.840106,0.484848,0.559578,0.03372,False
Adult Income,RF,21,0.2,0.832224,0.432507,0.499749,0.07818,False
Adult Income,XGB,21,0.0,0.870918,0.586777,0.669683,0.0,False
Adult Income,XGB,21,0.05,0.864776,0.548209,0.64002,0.032426,False
Adult Income,XGB,21,0.1,0.857816,0.528926,0.610357,0.044749,False
Adult Income,XGB,21,0.2,0.847272,0.476584,0.551533,0.086547,False
Adult Income,LGB,21,0.0,0.872863,0.584022,0.656109,0.0,False
Adult Income,LGB,21,0.05,0.866619,0.556474,0.628959,0.021304,False
Adult Income,LGB,21,0.1,0.860886,0.53168,0.599799,0.040365,False
Adult Income,LGB,21,0.2,0.849626,0.473829,0.543489,0.086956,False
Adult Income,MLP,21,0.0,0.843689,0.449036,0.653595,0.0,False
Adult Income,MLP,21,0.05,0.835091,0.432507,0.633987,0.00793,False
Adult Income,MLP,21,0.1,0.830279,0.446281,0.614882,-0.010655,False
Adult Income,MLP,21,0.2,0.819531,0.415978,0.580191,0.0089,False
Adult Income,LR,37,0.0,0.826594,0.249292,0.462731,0.0,False
Adult Income,LR,37,0.05,0.822704,0.240793,0.431216,0.004609,False
Adult Income,LR,37,0.1,0.819634,0.235127,0.401201,0.007204,False
Adult Income,LR,37,0.2,0.81298,0.21813,0.349175,0.017547,False
Adult Income,RF,37,0.0,0.858225,0.560907,0.641821,0.0,False
Adult Income,RF,37,0.05,0.854028,0.532578,0.608804,0.024132,False
Adult Income,RF,37,0.1,0.847886,0.518414,0.567784,0.032154,False
Adult Income,RF,37,0.2,0.839492,0.467422,0.498749,0.074752,False
Adult Income,XGB,37,0.0,0.874706,0.654391,0.690345,0.0,False
Adult Income,XGB,37,0.05,0.870099,0.614731,0.656328,0.035054,False
Adult Income,XGB,37,0.1,0.863036,0.572238,0.614807,0.070483,False
Adult Income,XGB,37,0.2,0.850957,0.518414,0.54077,0.112229,False
Adult Income,LGB,37,0.0,0.875115,0.634561,0.682341,0.0,False
Adult Income,LGB,37,0.05,0.868154,0.586402,0.643822,0.041198,False
Adult Income,LGB,37,0.1,0.862115,0.555241,0.602301,0.06632,False
Adult Income,LGB,37,0.2,0.851674,0.501416,0.529765,0.109703,False
Adult Income,MLP,37,0.0,0.853209,0.481586,0.607804,0.0,False
Adult Income,MLP,37,0.05,0.847067,0.456091,0.566783,0.019354,False
Adult Income,MLP,37,0.1,0.841949,0.441926,0.535268,0.0284,False
Adult Income,MLP,37,0.2,0.834988,0.407932,0.478739,0.055433,False
Adult Income,LR,55,0.0,0.821271,0.243478,0.458396,0.0,False
Adult Income,LR,55,0.05,0.818712,0.226087,0.432985,0.014832,False
Adult Income,LR,55,0.1,0.814822,0.223188,0.402591,0.013841,False
Adult Income,LR,55,0.2,0.808988,0.2,0.348779,0.031195,False
Adult Income,RF,55,0.0,0.853107,0.550725,0.627304,0.0,False
Adult Income,RF,55,0.05,0.849422,0.53913,0.598904,0.007909,False
Adult Income,RF,55,0.1,0.845634,0.501449,0.569507,0.041803,False
Adult Income,RF,55,0.2,0.834783,0.431884,0.499253,0.100517,False
Adult Income,XGB,55,0.0,0.869895,0.611594,0.672147,0.0,False
Adult Income,XGB,55,0.05,0.864367,0.573913,0.637768,0.032153,False
Adult Income,XGB,55,0.1,0.855871,0.53913,0.598406,0.05844,False
Adult Income,XGB,55,0.2,0.843894,0.486957,0.535127,0.098637,False
Adult Income,LGB,55,0.0,0.873273,0.602899,0.666168,0.0,False
Adult Income,LGB,55,0.05,0.868666,0.571014,0.630294,0.027278,False
Adult Income,LGB,55,0.1,0.85802,0.521739,0.576981,0.065907,False
Adult Income,LGB,55,0.2,0.845839,0.472464,0.501744,0.103001,False
Adult Income,MLP,55,0.0,0.849422,0.489855,0.600399,0.0,False
Adult Income,MLP,55,0.05,0.843894,0.472464,0.568012,0.011864,False
Adult Income,MLP,55,0.1,0.838673,0.469565,0.532636,0.009542,False
Adult Income,MLP,55,0.2,0.831201,0.428986,0.485301,0.042649,False
Adult Income,LR,99,0.0,0.821476,0.193939,0.457962,0.0,False
Adult Income,LR,99,0.05,0.820145,0.184848,0.43818,0.00776,False
Adult Income,LR,99,0.1,0.816767,0.184848,0.405045,0.004382,False
Adult Income,LR,99,0.2,0.808066,0.163636,0.346686,0.016893,False
Adult Income,RF,99,0.0,0.860068,0.539394,0.633037,0.0,False
Adult Income,RF,99,0.05,0.854847,0.5,0.607319,0.034173,False
Adult Income,RF,99,0.1,0.849217,0.484848,0.569238,0.043695,False
Adult Income,RF,99,0.2,0.838366,0.409091,0.501484,0.108602,False
Adult Income,XGB,99,0.0,0.86754,0.563636,0.660732,0.0,False
Adult Income,XGB,99,0.05,0.864879,0.536364,0.635509,0.024611,False
Adult Income,XGB,99,0.1,0.858327,0.515152,0.594461,0.039272,False
Adult Income,XGB,99,0.2,0.845737,0.427273,0.528684,0.11456,False
Adult Income,LGB,99,0.0,0.872044,0.542424,0.654303,0.0,False
Adult Income,LGB,99,0.05,0.867643,0.515152,0.629575,0.022871,False
Adult Income,LGB,99,0.1,0.860068,0.490909,0.588526,0.039538,False
Adult Income,LGB,99,0.2,0.84676,0.433333,0.515331,0.083807,False
Adult Income,MLP,99,0.0,0.845839,0.448485,0.6182,0.0,False
Adult Income,MLP,99,0.05,0.843587,0.433333,0.605341,0.012899,False
Adult Income,MLP,99,0.1,0.841028,0.415152,0.581602,0.028522,False
Adult Income,MLP,99,0.2,0.829768,0.375758,0.527695,0.056656,False
COMPAS,LR,42,0.0,0.675505,0.734432,0.467742,0.0,False
COMPAS,LR,42,0.05,0.671086,0.727106,0.471774,0.002907,False
COMPAS,LR,42,0.1,0.667298,0.71978,0.487903,0.006445,False
COMPAS,LR,42,0.2,0.65846,0.71978,0.479839,-0.002393,False
COMPAS,RF,42,0.0,0.651515,0.672161,0.580645,0.0,False
COMPAS,RF,42,0.05,0.64899,0.681319,0.568548,-0.011683,False
COMPAS,RF,42,0.1,0.641414,0.675824,0.584677,-0.013764,False
COMPAS,RF,42,0.2,0.626263,0.673993,0.568548,-0.027084,False
COMPAS,XGB,42,0.0,0.660354,0.661172,0.520161,0.0,False
COMPAS,XGB,42,0.05,0.650253,0.666667,0.528226,-0.015596,False
COMPAS,XGB,42,0.1,0.645202,0.668498,0.540323,-0.022478,False
COMPAS,XGB,42,0.2,0.635101,0.677656,0.544355,-0.041736,False
COMPAS,LGB,42,0.0,0.665404,0.67033,0.483871,0.0,False
COMPAS,LGB,42,0.05,0.657828,0.67033,0.504032,-0.007576,False
COMPAS,LGB,42,0.1,0.653409,0.67033,0.508065,-0.011995,False
COMPAS,LGB,42,0.2,0.645833,0.677656,0.508065,-0.026897,False
COMPAS,MLP,42,0.0,0.674242,0.663004,0.403226,0.0,False
COMPAS,MLP,42,0.05,0.669192,0.653846,0.403226,0.004107,False
COMPAS,MLP,42,0.1,0.670455,0.650183,0.427419,0.009033,False
COMPAS,MLP,42,0.2,0.660354,0.635531,0.399194,0.013584,False
COMPAS,LR,123,0.0,0.669192,0.732448,0.490637,0.0,False
COMPAS,LR,123,0.05,0.662879,0.721063,0.483146,0.005072,False
COMPAS,LR,123,0.1,0.660354,0.71537,0.494382,0.008239,False
COMPAS,LR,123,0.2,0.646465,0.70778,0.490637,0.001941,False
COMPAS,RF,123,0.0,0.635101,0.677419,0.546816,0.0,False
COMPAS,RF,123,0.05,0.631313,0.677419,0.535581,-0.003788,False
COMPAS,RF,123,0.1,0.623106,0.673624,0.531835,-0.0082,False
COMPAS,RF,123,0.2,0.607323,0.633776,0.513109,0.015865,False
COMPAS,XGB,123,0.0,0.67298,0.713472,0.490637,0.0,False
COMPAS,XGB,123,0.05,0.662879,0.70019,0.486891,0.003182,False
COMPAS,XGB,123,0.1,0.65846,0.688805,0.498127,0.010148,False
COMPAS,XGB,123,0.2,0.642677,0.681214,0.509363,0.001955,False
COMPAS,LGB,123,0.0,0.680556,0.717268,0.486891,0.0,False
COMPAS,LGB,123,0.05,0.665404,0.6926,0.475655,0.009516,False
COMPAS,LGB,123,0.1,0.669192,0.688805,0.490637,0.017099,False
COMPAS,LGB,123,0.2,0.647727,0.673624,0.498127,0.010815,False
COMPAS,MLP,123,0.0,0.683712,0.726755,0.486891,0.0,False
COMPAS,MLP,123,0.05,0.678662,0.713472,0.483146,0.008232,False
COMPAS,MLP,123,0.1,0.675505,0.696395,0.490637,0.022153,False
COMPAS,MLP,123,0.2,0.656566,0.660342,0.468165,0.039267,False
COMPAS,LR,456,0.0,0.686869,0.75985,0.51341,0.0,False
COMPAS,LR,456,0.05,0.686237,0.756098,0.54023,0.003121,False
COMPAS,LR,456,0.1,0.683081,0.748593,0.544061,0.007469,False
COMPAS,LR,456,0.2,0.667929,0.724203,0.563218,0.016708,False
COMPAS,RF,456,0.0,0.631313,0.69606,0.54023,0.0,False
COMPAS,RF,456,0.05,0.627525,0.701689,0.547893,-0.009416,False
COMPAS,RF,456,0.1,0.620581,0.694184,0.547893,-0.008856,False
COMPAS,RF,456,0.2,0.606061,0.688555,0.536398,-0.017748,False
COMPAS,XGB,456,0.0,0.668561,0.726079,0.54023,0.0,False
COMPAS,XGB,456,0.05,0.66351,0.72045,0.547893,0.000578,False
COMPAS,XGB,456,0.1,0.650884,0.714822,0.532567,-0.00642,False
COMPAS,XGB,456,0.2,0.638258,0.707317,0.532567,-0.011541,False
COMPAS,LGB,456,0.0,0.661616,0.711069,0.528736,0.0,False
COMPAS,LGB,456,0.05,0.656566,0.711069,0.54023,-0.005051,False
COMPAS,LGB,456,0.1,0.647096,0.707317,0.524904,-0.010768,False
COMPAS,LGB,456,0.2,0.630051,0.707317,0.521073,-0.027813,False
COMPAS,MLP,456,0.0,0.690657,0.780488,0.532567,0.0,False
COMPAS,MLP,456,0.05,0.684975,0.769231,0.544061,0.005575,False
COMPAS,MLP,456,0.1,0.681187,0.757974,0.547893,0.013044,False
COMPAS,MLP,456,0.2,0.662247,0.72045,0.56705,0.031628,False
COMPAS,LR,1,0.0,0.675505,0.759124,0.45122,0.0,False
COMPAS,LR,1,0.05,0.667298,0.739051,0.447154,0.011866,False
COMPAS,LR,1,0.1,0.660985,0.731752,0.45122,0.012852,False
COMPAS,LR,1,0.2,0.655303,0.729927,0.479675,0.008995,False
COMPAS,RF,1,0.0,0.645202,0.706204,0.504065,0.0,False
COMPAS,RF,1,0.05,0.640152,0.70073,0.50813,0.000424,False
COMPAS,RF,1,0.1,0.632576,0.693431,0.520325,0.000147,False
COMPAS,RF,1,0.2,0.623737,0.689781,0.520325,-0.005041,False
COMPAS,XGB,1,0.0,0.677399,0.718978,0.46748,0.0,False
COMPAS,XGB,1,0.05,0.668561,0.713504,0.47561,-0.003364,False
COMPAS,XGB,1,0.1,0.655934,0.702555,0.479675,-0.005041,False
COMPAS,XGB,1,0.2,0.645833,0.708029,0.512195,-0.020617,False
COMPAS,LGB,1,0.0,0.674874,0.717153,0.463415,0.0,False
COMPAS,LGB,1,0.05,0.66351,0.69708,0.45935,0.008709,False
COMPAS,LGB,1,0.1,0.655934,0.689781,0.463415,0.008433,False
COMPAS,LGB,1,0.2,0.647096,0.686131,0.5,0.003244,False
COMPAS,MLP,1,0.0,0.693813,0.755474,0.45935,0.0,False
COMPAS,MLP,1,0.05,0.685606,0.735401,0.447154,0.011866,False
COMPAS,MLP,1,0.1,0.678662,0.726277,0.430894,0.014046,False
COMPAS,MLP,1,0.2,0.675505,0.715328,0.430894,0.021838,False
COMPAS,LR,7,0.0,0.67803,0.75283,0.450758,0.0,False
COMPAS,LR,7,0.05,0.674874,0.758491,0.454545,-0.008817,False
COMPAS,LR,7,0.1,0.670455,0.758491,0.454545,-0.013236,False
COMPAS,LR,7,0.2,0.652778,0.735849,0.454545,-0.008271,False
COMPAS,RF,7,0.0,0.611742,0.633962,0.481061,0.0,False
COMPAS,RF,7,0.05,0.601641,0.639623,0.443182,-0.015761,False
COMPAS,RF,7,0.1,0.607323,0.649057,0.465909,-0.019514,False
COMPAS,RF,7,0.2,0.606061,0.645283,0.496212,-0.017003,False
COMPAS,XGB,7,0.0,0.671086,0.684906,0.503788,0.0,False
COMPAS,XGB,7,0.05,0.659722,0.698113,0.465909,-0.024571,False
COMPAS,XGB,7,0.1,0.654672,0.698113,0.458333,-0.029622,False
COMPAS,XGB,7,0.2,0.640152,0.690566,0.477273,-0.036595,False
COMPAS,LGB,7,0.0,0.667298,0.69434,0.44697,0.0,False
COMPAS,LGB,7,0.05,0.655303,0.696226,0.42803,-0.013882,False
COMPAS,LGB,7,0.1,0.655934,0.69434,0.42803,-0.011364,False
COMPAS,LGB,7,0.2,0.643308,0.684906,0.435606,-0.014556,False
COMPAS,MLP,7,0.0,0.657197,0.796226,0.503788,0.0,False
COMPAS,MLP,7,0.05,0.655303,0.8,0.515152,-0.005668,False
COMPAS,MLP,7,0.1,0.664773,0.8,0.534091,0.003802,False
COMPAS,MLP,7,0.2,0.651515,0.783019,0.537879,0.007526,False
COMPAS,LR,13,0.0,0.683081,0.776735,0.509579,0.0,False
COMPAS,LR,13,0.05,0.678662,0.765478,0.524904,0.006838,False
COMPAS,LR,13,0.1,0.681818,0.769231,0.54023,0.006242,False
COMPAS,LR,13,0.2,0.669823,0.754221,0.536398,0.009256,False
COMPAS,RF,13,0.0,0.636364,0.673546,0.536398,0.0,False
COMPAS,RF,13,0.05,0.633838,0.67167,0.555556,-0.000649,False
COMPAS,RF,13,0.1,0.623737,0.664165,0.544061,-0.003245,False
COMPAS,RF,13,0.2,0.628788,0.677298,0.56705,-0.011328,False
COMPAS,XGB,13,0.0,0.657197,0.688555,0.532567,0.0,False
COMPAS,XGB,13,0.05,0.647727,0.669794,0.547893,0.009292,False
COMPAS,XGB,13,0.1,0.63952,0.666041,0.547893,0.004837,False
COMPAS,XGB,13,0.2,0.633838,0.679174,0.551724,-0.013978,False
COMPAS,LGB,13,0.0,0.662247,0.699812,0.509579,0.0,False
COMPAS,LGB,13,0.05,0.657197,0.692308,0.517241,0.002454,False
COMPAS,LGB,13,0.1,0.647727,0.690432,0.517241,-0.005139,False
COMPAS,LGB,13,0.2,0.646465,0.686679,0.532567,-0.00265,False
COMPAS,MLP,13,0.0,0.678662,0.641651,0.409962,0.0,False
COMPAS,MLP,13,0.05,0.674242,0.622889,0.429119,0.014343,False
COMPAS,MLP,13,0.1,0.668561,0.609756,0.429119,0.021794,False
COMPAS,MLP,13,0.2,0.659722,0.585366,0.409962,0.037346,False
COMPAS,LR,21,0.0,0.678662,0.742481,0.507634,0.0,False
COMPAS,LR,21,0.05,0.684343,0.74812,0.515267,4.3e-05,False
COMPAS,LR,21,0.1,0.67298,0.731203,0.522901,0.005596,False
COMPAS,LR,21,0.2,0.657828,0.721805,0.534351,-0.000157,False
COMPAS,RF,21,0.0,0.644571,0.693609,0.576336,0.0,False
COMPAS,RF,21,0.05,0.648359,0.703008,0.580153,-0.005611,False
COMPAS,RF,21,0.1,0.643308,0.68609,0.580153,0.006256,False
COMPAS,RF,21,0.2,0.631944,0.671053,0.583969,0.00993,False
COMPAS,XGB,21,0.0,0.664141,0.671053,0.515267,0.0,False
COMPAS,XGB,21,0.05,0.665404,0.680451,0.538168,-0.008136,False
COMPAS,XGB,21,0.1,0.65404,0.676692,0.553435,-0.01574,False
COMPAS,XGB,21,0.2,0.643308,0.682331,0.549618,-0.032112,False
COMPAS,LGB,21,0.0,0.666035,0.678571,0.496183,0.0,False
COMPAS,LGB,21,0.05,0.667929,0.684211,0.522901,-0.003745,False
COMPAS,LGB,21,0.1,0.657828,0.672932,0.549618,-0.002568,False
COMPAS,LGB,21,0.2,0.643939,0.671053,0.561069,-0.014577,False
COMPAS,MLP,21,0.0,0.696338,0.721805,0.492366,0.0,False
COMPAS,MLP,21,0.05,0.695707,0.725564,0.48855,-0.004391,False
COMPAS,MLP,21,0.1,0.6875,0.701128,0.492366,0.011838,False
COMPAS,MLP,21,0.2,0.67298,0.672932,0.473282,0.025514,False
COMPAS,LR,37,0.0,0.696338,0.771863,0.488806,0.0,False
COMPAS,LR,37,0.05,0.6875,0.754753,0.473881,0.008272,False
COMPAS,LR,37,0.1,0.679924,0.730038,0.473881,0.025411,False
COMPAS,LR,37,0.2,0.676136,0.712928,0.451493,0.038733,False
COMPAS,RF,37,0.0,0.64899,0.705323,0.533582,0.0,False
COMPAS,RF,37,0.05,0.638258,0.686312,0.526119,0.008279,False
COMPAS,RF,37,0.1,0.622475,0.652091,0.511194,0.026717,False
COMPAS,RF,37,0.2,0.61553,0.629278,0.485075,0.042586,False
COMPAS,XGB,37,0.0,0.67298,0.714829,0.514925,0.0,False
COMPAS,XGB,37,0.05,0.662247,0.697719,0.496269,0.006378,False
COMPAS,XGB,37,0.1,0.65846,0.671103,0.481343,0.029206,False
COMPAS,XGB,37,0.2,0.657828,0.644487,0.451493,0.055191,False
COMPAS,LGB,37,0.0,0.667929,0.697719,0.473881,0.0,False
COMPAS,LGB,37,0.05,0.660985,0.686312,0.458955,0.004462,False
COMPAS,LGB,37,0.1,0.653409,0.655894,0.447761,0.027305,False
COMPAS,LGB,37,0.2,0.650253,0.625475,0.410448,0.054567,False
COMPAS,MLP,37,0.0,0.703283,0.730038,0.473881,0.0,False
COMPAS,MLP,37,0.05,0.689394,0.701521,0.447761,0.014628,False
COMPAS,MLP,37,0.1,0.682449,0.676806,0.440299,0.032399,False
COMPAS,MLP,37,0.2,0.676768,0.642586,0.395522,0.060937,False
COMPAS,LR,55,0.0,0.655934,0.734918,0.449393,0.0,False
COMPAS,LR,55,0.05,0.652778,0.727605,0.445344,0.004156,False
COMPAS,LR,55,0.1,0.642677,0.71298,0.441296,0.00868,False
COMPAS,LR,55,0.2,0.635732,0.71298,0.441296,0.001736,False
COMPAS,RF,55,0.0,0.621843,0.672761,0.48583,0.0,False
COMPAS,RF,55,0.05,0.623737,0.661792,0.489879,0.012863,False
COMPAS,RF,55,0.1,0.600379,0.627057,0.481781,0.024239,False
COMPAS,RF,55,0.2,0.575758,0.59415,0.42915,0.032525,False
COMPAS,XGB,55,0.0,0.653409,0.687386,0.437247,0.0,False
COMPAS,XGB,55,0.05,0.642677,0.656307,0.42915,0.020346,False
COMPAS,XGB,55,0.1,0.629419,0.630713,0.425101,0.032683,False
COMPAS,XGB,55,0.2,0.616793,0.592322,0.404858,0.058448,False
COMPAS,LGB,55,0.0,0.660985,0.705667,0.45749,0.0,False
COMPAS,LGB,55,0.05,0.652778,0.683729,0.449393,0.013731,False
COMPAS,LGB,55,0.1,0.635101,0.654479,0.441296,0.025304,False
COMPAS,LGB,55,0.2,0.618056,0.612431,0.417004,0.050307,False
COMPAS,MLP,55,0.0,0.671717,0.691042,0.441296,0.0,False
COMPAS,MLP,55,0.05,0.666035,0.672761,0.433198,0.0126,False
COMPAS,MLP,55,0.1,0.653409,0.652651,0.421053,0.020083,False
COMPAS,MLP,55,0.2,0.637626,0.61426,0.392713,0.042692,False
COMPAS,LR,99,0.0,0.662247,0.72549,0.524648,0.0,False
COMPAS,LR,99,0.05,0.653409,0.713725,0.524648,0.002926,False
COMPAS,LR,99,0.1,0.646465,0.692157,0.53169,0.017551,False
COMPAS,LR,99,0.2,0.640783,0.688235,0.542254,0.01579,False
COMPAS,RF,99,0.0,0.619949,0.654902,0.510563,0.0,False
COMPAS,RF,99,0.05,0.604167,0.627451,0.503521,0.011668,False
COMPAS,RF,99,0.1,0.602273,0.62549,0.482394,0.011735,False
COMPAS,RF,99,0.2,0.583333,0.594118,0.503521,0.024168,False
COMPAS,XGB,99,0.0,0.647727,0.680392,0.485915,0.0,False
COMPAS,XGB,99,0.05,0.640783,0.676471,0.485915,-0.003023,False
COMPAS,XGB,99,0.1,0.630682,0.672549,0.478873,-0.009202,False
COMPAS,XGB,99,0.2,0.616793,0.668627,0.528169,-0.01917,False
COMPAS,LGB,99,0.0,0.651515,0.698039,0.475352,0.0,False
COMPAS,LGB,99,0.05,0.643308,0.692157,0.478873,-0.002325,False
COMPAS,LGB,99,0.1,0.636364,0.688235,0.492958,-0.005348,False
COMPAS,LGB,99,0.2,0.619318,0.688235,0.521127,-0.022393,False
COMPAS,MLP,99,0.0,0.66351,0.754902,0.542254,0.0,False
COMPAS,MLP,99,0.05,0.651515,0.741176,0.538732,0.001731,False
COMPAS,MLP,99,0.1,0.647096,0.723529,0.549296,0.014958,False
COMPAS,MLP,99,0.2,0.638889,0.717647,0.56338,0.012634,False
Taiwan Credit,LR,42,0.0,0.809333,0.236635,0.229412,0.0,False
Taiwan Credit,LR,42,0.05,0.806667,0.222612,0.203529,0.011356,False
Taiwan Credit,LR,42,0.1,0.804889,0.209465,0.185882,0.022725,False
Taiwan Credit,LR,42,0.2,0.799556,0.175285,0.151765,0.051572,False
Taiwan Credit,RF,42,0.0,0.814778,0.376862,0.343529,0.0,False
Taiwan Credit,RF,42,0.05,0.813889,0.353199,0.32,0.022775,False
Taiwan Credit,RF,42,0.1,0.813222,0.333918,0.296471,0.041389,False
Taiwan Credit,RF,42,0.2,0.810222,0.290973,0.255294,0.081334,False
Taiwan Credit,XGB,42,0.0,0.809222,0.361963,0.332941,0.0,False
Taiwan Credit,XGB,42,0.05,0.807556,0.34794,0.318824,0.012356,False
Taiwan Credit,XGB,42,0.1,0.806778,0.330412,0.311765,0.029107,False
Taiwan Credit,XGB,42,0.2,0.805,0.302366,0.265882,0.055375,False
Taiwan Credit,LGB,42,0.0,0.817333,0.366345,0.337647,0.0,False
Taiwan Credit,LGB,42,0.05,0.816333,0.34794,0.316471,0.017405,False
Taiwan Credit,LGB,42,0.1,0.813444,0.326906,0.294118,0.03555,False
Taiwan Credit,LGB,42,0.2,0.809222,0.288344,0.249412,0.069891,False
Taiwan Credit,MLP,42,0.0,0.816,0.388256,0.356471,0.0,False
Taiwan Credit,MLP,42,0.05,0.813333,0.361963,0.332941,0.023626,False
Taiwan Credit,MLP,42,0.1,0.812333,0.343558,0.308235,0.041031,False
Taiwan Credit,MLP,42,0.2,0.808,0.304119,0.267059,0.076137,False
Taiwan Credit,LR,123,0.0,0.807222,0.205624,0.212192,0.0,False
Taiwan Credit,LR,123,0.05,0.805333,0.188928,0.196952,0.014807,False
Taiwan Credit,LR,123,0.1,0.803889,0.173989,0.178195,0.028301,False
Taiwan Credit,LR,123,0.2,0.800222,0.143234,0.152403,0.05539,False
Taiwan Credit,RF,123,0.0,0.816222,0.355888,0.379836,0.0,False
Taiwan Credit,RF,123,0.05,0.817111,0.336555,0.352872,0.020221,False
Taiwan Credit,RF,123,0.1,0.816222,0.318102,0.329426,0.037786,False
Taiwan Credit,RF,123,0.2,0.816778,0.285589,0.304807,0.070854,False
Taiwan Credit,XGB,123,0.0,0.813222,0.357645,0.378664,0.0,False
Taiwan Credit,XGB,123,0.05,0.811556,0.343585,0.345838,0.012393,False
Taiwan Credit,XGB,123,0.1,0.811667,0.323374,0.338804,0.032715,False
Taiwan Credit,XGB,123,0.2,0.807889,0.290861,0.30129,0.06145,False
Taiwan Credit,LGB,123,0.0,0.821889,0.358524,0.372802,0.0,False
Taiwan Credit,LGB,123,0.05,0.820333,0.34007,0.356389,0.016898,False
Taiwan Credit,LGB,123,0.1,0.819111,0.315466,0.343494,0.04028,False
Taiwan Credit,LGB,123,0.2,0.816556,0.278559,0.305979,0.074632,False
Taiwan Credit,MLP,123,0.0,0.820778,0.35413,0.385698,0.0,False
Taiwan Credit,MLP,123,0.05,0.819889,0.338313,0.368113,0.014928,False
Taiwan Credit,MLP,123,0.1,0.817444,0.316344,0.344666,0.034452,False
Taiwan Credit,MLP,123,0.2,0.814111,0.281195,0.309496,0.066268,False
Taiwan Credit,LR,456,0.0,0.813,0.223945,0.238554,0.0,False
Taiwan Credit,LR,456,0.05,0.810667,0.210164,0.222892,0.011448,False
Taiwan Credit,LR,456,0.1,0.810111,0.198105,0.207229,0.022951,False
Taiwan Credit,LR,456,0.2,0.804222,0.167959,0.177108,0.047208,False
Taiwan Credit,RF,456,0.0,0.819556,0.35745,0.379518,0.0,False
Taiwan Credit,RF,456,0.05,0.821111,0.334195,0.36988,0.024811,False
Taiwan Credit,RF,456,0.1,0.818889,0.306632,0.336145,0.050152,False
Taiwan Credit,RF,456,0.2,0.815222,0.265289,0.290361,0.087829,False
Taiwan Credit,XGB,456,0.0,0.814778,0.356589,0.379518,0.0,False
Taiwan Credit,XGB,456,0.05,0.816,0.343669,0.363855,0.014142,False
Taiwan Credit,XGB,456,0.1,0.814222,0.316107,0.354217,0.039927,False
Taiwan Credit,XGB,456,0.2,0.809778,0.284238,0.293976,0.067351,False
Taiwan Credit,LGB,456,0.0,0.823444,0.360896,0.386747,0.0,False
Taiwan Credit,LGB,456,0.05,0.821667,0.342808,0.36506,0.01631,False
Taiwan Credit,LGB,456,0.1,0.821333,0.323859,0.348193,0.034926,False
Taiwan Credit,LGB,456,0.2,0.818778,0.288544,0.308434,0.067685,False
Taiwan Credit,MLP,456,0.0,0.824333,0.338501,0.355422,0.0,False
Taiwan Credit,MLP,456,0.05,0.823889,0.323859,0.340964,0.014198,False
Taiwan Credit,MLP,456,0.1,0.821,0.302326,0.318072,0.032842,False
Taiwan Credit,MLP,456,0.2,0.816556,0.26615,0.286747,0.064574,False
Taiwan Credit,LR,1,0.0,0.810222,0.231383,0.239861,0.0,False
Taiwan Credit,LR,1,0.05,0.806889,0.210993,0.219003,0.017057,False
Taiwan Credit,LR,1,0.1,0.804333,0.183511,0.208575,0.041983,False
Taiwan Credit,LR,1,0.2,0.799111,0.150709,0.172654,0.069563,False
Taiwan Credit,RF,1,0.0,0.815556,0.370567,0.384705,0.0,False
Taiwan Credit,RF,1,0.05,0.815444,0.342199,0.363847,0.028258,False
Taiwan Credit,RF,1,0.1,0.813111,0.31117,0.341831,0.056953,False
Taiwan Credit,RF,1,0.2,0.810556,0.257092,0.30591,0.108475,False
Taiwan Credit,XGB,1,0.0,0.810111,0.360816,0.368482,0.0,False
Taiwan Credit,XGB,1,0.05,0.807444,0.335106,0.351101,0.023043,False
Taiwan Credit,XGB,1,0.1,0.806444,0.304965,0.341831,0.052184,False
Taiwan Credit,XGB,1,0.2,0.802444,0.269504,0.300116,0.083645,False
Taiwan Credit,LGB,1,0.0,0.816778,0.362589,0.381228,0.0,False
Taiwan Credit,LGB,1,0.05,0.814444,0.33422,0.363847,0.026035,False
Taiwan Credit,LGB,1,0.1,0.812778,0.302305,0.341831,0.056284,False
Taiwan Credit,LGB,1,0.2,0.810111,0.258865,0.300116,0.097057,False
Taiwan Credit,MLP,1,0.0,0.818,0.359043,0.392816,0.0,False
Taiwan Credit,MLP,1,0.05,0.816222,0.340426,0.368482,0.016839,False
Taiwan Credit,MLP,1,0.1,0.814556,0.319149,0.346466,0.036449,False
Taiwan Credit,MLP,1,0.2,0.811556,0.272163,0.30591,0.080435,False
Taiwan Credit,LR,7,0.0,0.809222,0.225691,0.236782,0.0,False
Taiwan Credit,LR,7,0.05,0.807889,0.208742,0.221839,0.015616,False
Taiwan Credit,LR,7,0.1,0.805111,0.194469,0.204598,0.027111,False
Taiwan Credit,LR,7,0.2,0.800889,0.172168,0.165517,0.04519,False
Taiwan Credit,RF,7,0.0,0.819333,0.373773,0.388506,0.0,False
Taiwan Credit,RF,7,0.05,0.820556,0.355932,0.372414,0.019063,False
Taiwan Credit,RF,7,0.1,0.816222,0.323818,0.341379,0.046844,False
Taiwan Credit,RF,7,0.2,0.810111,0.287244,0.28046,0.077308,False
Taiwan Credit,XGB,7,0.0,0.814889,0.361285,0.388506,0.0,False
Taiwan Credit,XGB,7,0.05,0.813444,0.348796,0.374713,0.011044,False
Taiwan Credit,XGB,7,0.1,0.811889,0.331847,0.349425,0.026438,False
Taiwan Credit,XGB,7,0.2,0.807778,0.307761,0.302299,0.046413,False
Taiwan Credit,LGB,7,0.0,0.822,0.368421,0.386207,0.0,False
Taiwan Credit,LGB,7,0.05,0.821222,0.353256,0.368966,0.014387,False
Taiwan Credit,LGB,7,0.1,0.817778,0.328278,0.345977,0.035921,False
Taiwan Credit,LGB,7,0.2,0.812,0.287244,0.291954,0.071178,False
Taiwan Credit,MLP,7,0.0,0.821444,0.41124,0.441379,0.0,False
Taiwan Credit,MLP,7,0.05,0.82,0.387154,0.422989,0.022641,False
Taiwan Credit,MLP,7,0.1,0.817889,0.364853,0.401149,0.042832,False
Taiwan Credit,MLP,7,0.2,0.814222,0.326494,0.348276,0.077524,False
Taiwan Credit,LR,13,0.0,0.807889,0.208036,0.230769,0.0,False
Taiwan Credit,LR,13,0.05,0.804556,0.191964,0.211251,0.012738,False
Taiwan Credit,LR,13,0.1,0.802778,0.174107,0.200918,0.028817,False
Taiwan Credit,LR,13,0.2,0.801333,0.152679,0.176808,0.048802,False
Taiwan Credit,RF,13,0.0,0.814556,0.347321,0.377727,0.0,False
Taiwan Credit,RF,13,0.05,0.811444,0.320536,0.340987,0.023675,False
Taiwan Credit,RF,13,0.1,0.809889,0.304464,0.320321,0.03819,False
Taiwan Credit,RF,13,0.2,0.810444,0.265179,0.293915,0.078032,False
Taiwan Credit,XGB,13,0.0,0.810556,0.342857,0.357061,0.0,False
Taiwan Credit,XGB,13,0.05,0.809222,0.31875,0.332951,0.022774,False
Taiwan Credit,XGB,13,0.1,0.806444,0.299107,0.314581,0.039639,False
Taiwan Credit,XGB,13,0.2,0.803556,0.259821,0.277842,0.076036,False
Taiwan Credit,LGB,13,0.0,0.818667,0.333036,0.361653,0.0,False
Taiwan Credit,LGB,13,0.05,0.815333,0.308036,0.342135,0.021667,False
Taiwan Credit,LGB,13,0.1,0.812556,0.286607,0.319173,0.040317,False
Taiwan Credit,LGB,13,0.2,0.809889,0.250893,0.280138,0.073365,False
Taiwan Credit,MLP,13,0.0,0.816778,0.333929,0.373134,0.0,False
Taiwan Credit,MLP,13,0.05,0.815667,0.313393,0.353617,0.019425,False
Taiwan Credit,MLP,13,0.1,0.813,0.295536,0.326062,0.034615,False
Taiwan Credit,MLP,13,0.2,0.810111,0.259821,0.28473,0.06744,False
Taiwan Credit,LR,21,0.0,0.812222,0.231465,0.238418,0.0,False
Taiwan Credit,LR,21,0.05,0.809889,0.210669,0.220339,0.018462,False
Taiwan Credit,LR,21,0.1,0.807889,0.195298,0.20678,0.031833,False
Taiwan Credit,LR,21,0.2,0.804778,0.16094,0.183051,0.06308,False
Taiwan Credit,RF,21,0.0,0.818556,0.377034,0.375141,0.0,False
Taiwan Credit,RF,21,0.05,0.818,0.358951,0.342373,0.017528,False
Taiwan Credit,RF,21,0.1,0.819,0.330922,0.333333,0.046557,False
Taiwan Credit,RF,21,0.2,0.817222,0.29566,0.292655,0.080041,False
Taiwan Credit,XGB,21,0.0,0.817667,0.36528,0.360452,0.0,False
Taiwan Credit,XGB,21,0.05,0.818,0.348101,0.332203,0.017512,False
Taiwan Credit,XGB,21,0.1,0.814111,0.32821,0.311864,0.033515,False
Taiwan Credit,XGB,21,0.2,0.810778,0.293852,0.270056,0.06454,False
Taiwan Credit,LGB,21,0.0,0.824444,0.375226,0.378531,0.0,False
Taiwan Credit,LGB,21,0.05,0.822556,0.353526,0.343503,0.019811,False
Taiwan Credit,LGB,21,0.1,0.821444,0.339964,0.329944,0.032262,False
Taiwan Credit,LGB,21,0.2,0.817222,0.298373,0.282486,0.069631,False
Taiwan Credit,MLP,21,0.0,0.825,0.369801,0.388701,0.0,False
Taiwan Credit,MLP,21,0.05,0.822222,0.350814,0.354802,0.01621,False
Taiwan Credit,MLP,21,0.1,0.821111,0.336347,0.336723,0.029565,False
Taiwan Credit,MLP,21,0.2,0.817,0.301989,0.289266,0.059812,False
Taiwan Credit,LR,37,0.0,0.807889,0.210256,0.235079,0.0,False
Taiwan Credit,LR,37,0.05,0.805556,0.194872,0.218027,0.013051,False
Taiwan Credit,LR,37,0.1,0.803222,0.181197,0.200974,0.024393,False
Taiwan Credit,LR,37,0.2,0.799889,0.141026,0.17296,0.061231,False
Taiwan Credit,RF,37,0.0,0.816556,0.341026,0.378806,0.0,False
Taiwan Credit,RF,37,0.05,0.815556,0.321368,0.353228,0.018658,False
Taiwan Credit,RF,37,0.1,0.812778,0.298291,0.326431,0.038957,False
Taiwan Credit,RF,37,0.2,0.810111,0.257265,0.286236,0.077316,False
Taiwan Credit,XGB,37,0.0,0.812111,0.331624,0.367844,0.0,False
Taiwan Credit,XGB,37,0.05,0.809333,0.324786,0.331303,0.00406,False
Taiwan Credit,XGB,37,0.1,0.808111,0.304274,0.321559,0.02335,False
Taiwan Credit,XGB,37,0.2,0.805222,0.257265,0.288672,0.06747,False
Taiwan Credit,LGB,37,0.0,0.819111,0.344444,0.393423,0.0,False
Taiwan Credit,LGB,37,0.05,0.817111,0.329915,0.360536,0.01253,False
Taiwan Credit,LGB,37,0.1,0.815667,0.31453,0.344702,0.02647,False
Taiwan Credit,LGB,37,0.2,0.815,0.276923,0.308161,0.06341,False
Taiwan Credit,MLP,37,0.0,0.820444,0.342735,0.392205,0.0,False
Taiwan Credit,MLP,37,0.05,0.818444,0.330769,0.3581,0.009966,False
Taiwan Credit,MLP,37,0.1,0.816667,0.311966,0.333739,0.026991,False
Taiwan Credit,MLP,37,0.2,0.812444,0.270085,0.287454,0.06465,False
Taiwan Credit,LR,55,0.0,0.809667,0.239033,0.254005,0.0,False
Taiwan Credit,LR,55,0.05,0.807444,0.229185,0.234554,0.007626,False
Taiwan Credit,LR,55,0.1,0.804889,0.212175,0.217391,0.02208,False
Taiwan Credit,LR,55,0.2,0.801556,0.178156,0.186499,0.052766,False
Taiwan Credit,RF,55,0.0,0.814333,0.365264,0.394737,0.0,False
Taiwan Credit,RF,55,0.05,0.814,0.342883,0.360412,0.022048,False
Taiwan Credit,RF,55,0.1,0.812778,0.327663,0.330664,0.036045,False
Taiwan Credit,RF,55,0.2,0.809889,0.288272,0.282609,0.072547,False
Taiwan Credit,XGB,55,0.0,0.811889,0.366159,0.381007,0.0,False
Taiwan Credit,XGB,55,0.05,0.811111,0.350045,0.372998,0.015337,False
Taiwan Credit,XGB,55,0.1,0.808,0.331244,0.347826,0.031026,False
Taiwan Credit,XGB,55,0.2,0.802667,0.287377,0.305492,0.06956,False
Taiwan Credit,LGB,55,0.0,0.818444,0.362578,0.394737,0.0,False
Taiwan Credit,LGB,55,0.05,0.816,0.339302,0.369565,0.020832,False
Taiwan Credit,LGB,55,0.1,0.814333,0.321397,0.346682,0.037071,False
Taiwan Credit,LGB,55,0.2,0.807667,0.28111,0.290618,0.07069,False
Taiwan Credit,MLP,55,0.0,0.816667,0.38496,0.41762,0.0,False
Taiwan Credit,MLP,55,0.05,0.814667,0.361683,0.395881,0.021277,False
Taiwan Credit,MLP,55,0.1,0.814333,0.346464,0.375286,0.036163,False
Taiwan Credit,MLP,55,0.2,0.809889,0.306177,0.324943,0.072005,False
Taiwan Credit,LR,99,0.0,0.808333,0.216117,0.216908,0.0,False
Taiwan Credit,LR,99,0.05,0.806889,0.204212,0.197998,0.01046,False
Taiwan Credit,LR,99,0.1,0.803333,0.181319,0.181313,0.029799,False
Taiwan Credit,LR,99,0.2,0.800222,0.159341,0.151279,0.048665,False
Taiwan Credit,RF,99,0.0,0.815556,0.358059,0.363737,0.0,False
Taiwan Credit,RF,99,0.05,0.813222,0.327839,0.341491,0.027886,False
Taiwan Credit,RF,99,0.1,0.813,0.304029,0.321468,0.051474,False
Taiwan Credit,RF,99,0.2,0.812556,0.276557,0.275862,0.078502,False
Taiwan Credit,XGB,99,0.0,0.816111,0.370879,0.39822,0.0,False
Taiwan Credit,XGB,99,0.05,0.812444,0.342491,0.369299,0.024722,False
Taiwan Credit,XGB,99,0.1,0.809889,0.317766,0.34594,0.046891,False
Taiwan Credit,XGB,99,0.2,0.807,0.295788,0.296997,0.06598,False
Taiwan Credit,LGB,99,0.0,0.822111,0.367216,0.384872,0.0,False
Taiwan Credit,LGB,99,0.05,0.819667,0.347985,0.355951,0.016786,False
Taiwan Credit,LGB,99,0.1,0.818111,0.327839,0.328142,0.035377,False
Taiwan Credit,LGB,99,0.2,0.812444,0.287546,0.282536,0.070004,False
Taiwan Credit,MLP,99,0.0,0.821,0.369963,0.39822,0.0,False
Taiwan Credit,MLP,99,0.05,0.817889,0.34707,0.370412,0.019783,False
Taiwan Credit,MLP,99,0.1,0.814556,0.321429,0.342603,0.04209,False
Taiwan Credit,MLP,99,0.2,0.811333,0.288462,0.301446,0.071835,False
German Credit,LR,42,0.0,0.69,0.888889,0.870748,0.0,True
German Credit,LR,42,0.05,0.676667,0.84127,0.870748,0.034286,True
German Credit,LR,42,0.1,0.676667,0.857143,0.870748,0.018413,True
German Credit,LR,42,0.2,0.676667,0.888889,0.877551,-0.013333,True
German Credit,RF,42,0.0,0.753333,0.904762,0.911565,0.0,True
German Credit,RF,42,0.05,0.753333,0.888889,0.897959,0.015873,True
German Credit,RF,42,0.1,0.723333,0.857143,0.863946,0.017619,True
German Credit,RF,42,0.2,0.683333,0.809524,0.836735,0.025238,True
German Credit,XGB,42,0.0,0.72,0.809524,0.863946,0.0,True
German Credit,XGB,42,0.05,0.71,0.793651,0.843537,0.005873,True
German Credit,XGB,42,0.1,0.706667,0.777778,0.836735,0.018413,True
German Credit,XGB,42,0.2,0.683333,0.730159,0.795918,0.042698,True
German Credit,LGB,42,0.0,0.73,0.888889,0.85034,0.0,True
German Credit,LGB,42,0.05,0.736667,0.888889,0.85034,0.006667,True
German Credit,LGB,42,0.1,0.726667,0.873016,0.843537,0.01254,True
German Credit,LGB,42,0.2,0.71,0.84127,0.829932,0.027619,True
German Credit,MLP,42,0.0,0.7,1.0,1.0,0.0,True
German Credit,MLP,42,0.05,0.7,1.0,1.0,0.0,True
German Credit,MLP,42,0.1,0.7,1.0,1.0,0.0,True
German Credit,MLP,42,0.2,0.7,1.0,1.0,0.0,True
German Credit,LR,123,0.0,0.706667,0.921875,0.863014,0.0,True
German Credit,LR,123,0.05,0.713333,0.9375,0.863014,-0.008958,True
German Credit,LR,123,0.1,0.716667,0.953125,0.856164,-0.02125,True
German Credit,LR,123,0.2,0.7,0.921875,0.876712,-0.006667,True
German Credit,RF,123,0.0,0.763333,0.90625,0.876712,0.0,True
German Credit,RF,123,0.05,0.756667,0.875,0.863014,0.024583,True
German Credit,RF,123,0.1,0.74,0.875,0.856164,0.007917,True
German Credit,RF,123,0.2,0.706667,0.828125,0.780822,0.021458,True
German Credit,XGB,123,0.0,0.753333,0.8125,0.835616,0.0,True
German Credit,XGB,123,0.05,0.726667,0.796875,0.80137,-0.011042,True
German Credit,XGB,123,0.1,0.69,0.734375,0.760274,0.014792,True
German Credit,XGB,123,0.2,0.673333,0.6875,0.726027,0.045,True
German Credit,LGB,123,0.0,0.736667,0.890625,0.808219,0.0,True
German Credit,LGB,123,0.05,0.733333,0.875,0.808219,0.012292,True
German Credit,LGB,123,0.1,0.71,0.8125,0.773973,0.051458,True
German Credit,LGB,123,0.2,0.686667,0.71875,0.726027,0.121875,True
German Credit,MLP,123,0.0,0.7,1.0,1.0,0.0,True
German Credit,MLP,123,0.05,0.7,1.0,1.0,0.0,True
German Credit,MLP,123,0.1,0.7,1.0,1.0,0.0,True
German Credit,MLP,123,0.2,0.7,1.0,1.0,0.0,True
German Credit,LR,456,0.0,0.723333,0.944444,0.884615,0.0,True
German Credit,LR,456,0.05,0.713333,0.962963,0.865385,-0.028519,True
German Credit,LR,456,0.1,0.713333,0.944444,0.878205,-0.01,True
German Credit,LR,456,0.2,0.693333,0.925926,0.852564,-0.011481,True
German Credit,RF,456,0.0,0.733333,0.907407,0.891026,0.0,True
German Credit,RF,456,0.05,0.723333,0.925926,0.884615,-0.028519,True
German Credit,RF,456,0.1,0.733333,0.925926,0.903846,-0.018519,True
German Credit,RF,456,0.2,0.723333,0.925926,0.858974,-0.028519,True
German Credit,XGB,456,0.0,0.743333,0.888889,0.846154,0.0,True
German Credit,XGB,456,0.05,0.74,0.907407,0.833333,-0.021852,True
German Credit,XGB,456,0.1,0.73,0.907407,0.807692,-0.031852,True
German Credit,XGB,456,0.2,0.706667,0.888889,0.75641,-0.036667,True
German Credit,LGB,456,0.0,0.746667,0.907407,0.858974,0.0,True
German Credit,LGB,456,0.05,0.746667,0.907407,0.858974,0.0,True
German Credit,LGB,456,0.1,0.736667,0.907407,0.839744,-0.01,True
German Credit,LGB,456,0.2,0.733333,0.888889,0.807692,0.005185,True
German Credit,MLP,456,0.0,0.7,1.0,1.0,0.0,True
German Credit,MLP,456,0.05,0.7,1.0,1.0,0.0,True
German Credit,MLP,456,0.1,0.7,1.0,1.0,0.0,True
German Credit,MLP,456,0.2,0.7,1.0,1.0,0.0,True
German Credit,LR,1,0.0,0.713333,0.945455,0.903226,0.0,True
German Credit,LR,1,0.05,0.723333,0.927273,0.916129,0.028182,True
German Credit,LR,1,0.1,0.713333,0.909091,0.916129,0.036364,True
German Credit,LR,1,0.2,0.73,0.945455,0.929032,0.016667,True
German Credit,RF,1,0.0,0.743333,0.945455,0.935484,0.0,True
German Credit,RF,1,0.05,0.743333,0.945455,0.922581,0.0,True
German Credit,RF,1,0.1,0.736667,0.909091,0.916129,0.029697,True
German Credit,RF,1,0.2,0.723333,0.890909,0.883871,0.034545,True
German Credit,XGB,1,0.0,0.783333,0.890909,0.909677,0.0,True
German Credit,XGB,1,0.05,0.773333,0.854545,0.890323,0.026364,True
German Credit,XGB,1,0.1,0.76,0.854545,0.877419,0.01303,True
German Credit,XGB,1,0.2,0.72,0.818182,0.819355,0.009394,True
German Credit,LGB,1,0.0,0.78,0.945455,0.916129,0.0,True
German Credit,LGB,1,0.05,0.773333,0.909091,0.890323,0.029697,True
German Credit,LGB,1,0.1,0.753333,0.872727,0.864516,0.046061,True
German Credit,LGB,1,0.2,0.726667,0.8,0.806452,0.092121,True
German Credit,MLP,1,0.0,0.7,1.0,1.0,0.0,True
German Credit,MLP,1,0.05,0.7,1.0,1.0,0.0,True
German Credit,MLP,1,0.1,0.7,1.0,1.0,0.0,True
German Credit,MLP,1,0.2,0.7,1.0,1.0,0.0,True
German Credit,LR,7,0.0,0.703333,0.933333,0.853333,0.0,True
German Credit,LR,7,0.05,0.706667,0.933333,0.853333,0.003333,True
German Credit,LR,7,0.1,0.7,0.933333,0.846667,-0.003333,True
German Credit,LR,7,0.2,0.706667,0.95,0.873333,-0.013333,True
German Credit,RF,7,0.0,0.763333,0.933333,0.926667,0.0,True
German Credit,RF,7,0.05,0.756667,0.916667,0.886667,0.01,True
German Credit,RF,7,0.1,0.753333,0.916667,0.886667,0.006667,True
German Credit,RF,7,0.2,0.74,0.9,0.873333,0.01,True
German Credit,XGB,7,0.0,0.76,0.866667,0.866667,0.0,True
German Credit,XGB,7,0.05,0.733333,0.8,0.833333,0.04,True
German Credit,XGB,7,0.1,0.723333,0.833333,0.813333,-0.003333,True
German Credit,XGB,7,0.2,0.7,0.783333,0.793333,0.023333,True
German Credit,LGB,7,0.0,0.77,0.95,0.866667,0.0,True
German Credit,LGB,7,0.05,0.76,0.916667,0.84,0.023333,True
German Credit,LGB,7,0.1,0.76,0.916667,0.826667,0.023333,True
German Credit,LGB,7,0.2,0.706667,0.833333,0.8,0.053333,True
German Credit,MLP,7,0.0,0.7,1.0,1.0,0.0,True
German Credit,MLP,7,0.05,0.7,1.0,1.0,0.0,True
German Credit,MLP,7,0.1,0.7,1.0,1.0,0.0,True
German Credit,MLP,7,0.2,0.7,1.0,1.0,0.0,True
German Credit,LR,13,0.0,0.7,0.925926,0.903846,0.0,True
German Credit,LR,13,0.05,0.71,0.944444,0.910256,-0.008519,True
German Credit,LR,13,0.1,0.71,0.907407,0.916667,0.028519,True
German Credit,LR,13,0.2,0.693333,0.888889,0.903846,0.03037,True
German Credit,RF,13,0.0,0.756667,0.87037,0.923077,0.0,True
German Credit,RF,13,0.05,0.753333,0.851852,0.923077,0.015185,True
German Credit,RF,13,0.1,0.74,0.888889,0.897436,-0.035185,True
German Credit,RF,13,0.2,0.706667,0.796296,0.871795,0.024074,True
German Credit,XGB,13,0.0,0.74,0.87037,0.865385,0.0,True
German Credit,XGB,13,0.05,0.73,0.851852,0.846154,0.008519,True
German Credit,XGB,13,0.1,0.72,0.851852,0.826923,-0.001481,True
German Credit,XGB,13,0.2,0.723333,0.851852,0.801282,0.001852,True
German Credit,LGB,13,0.0,0.746667,0.925926,0.865385,0.0,True
German Credit,LGB,13,0.05,0.733333,0.888889,0.846154,0.023704,True
German Credit,LGB,13,0.1,0.726667,0.888889,0.839744,0.017037,True
German Credit,LGB,13,0.2,0.723333,0.851852,0.814103,0.050741,True
German Credit,MLP,13,0.0,0.693333,1.0,0.967949,0.0,True
German Credit,MLP,13,0.05,0.686667,1.0,0.961538,-0.006667,True
German Credit,MLP,13,0.1,0.69,1.0,0.961538,-0.003333,True
German Credit,MLP,13,0.2,0.683333,1.0,0.955128,-0.01,True
German Credit,LR,21,0.0,0.71,0.928571,0.87013,0.0,True
German Credit,LR,21,0.05,0.706667,0.892857,0.883117,0.032381,True
German Credit,LR,21,0.1,0.716667,0.910714,0.883117,0.024524,True
German Credit,LR,21,0.2,0.703333,0.910714,0.883117,0.01119,True
German Credit,RF,21,0.0,0.723333,0.785714,0.896104,0.0,True
German Credit,RF,21,0.05,0.726667,0.767857,0.896104,0.02119,True
German Credit,RF,21,0.1,0.73,0.803571,0.88961,-0.01119,True
German Credit,RF,21,0.2,0.69,0.785714,0.844156,-0.033333,True
German Credit,XGB,21,0.0,0.74,0.767857,0.863636,0.0,True
German Credit,XGB,21,0.05,0.723333,0.714286,0.837662,0.036905,True
German Credit,XGB,21,0.1,0.713333,0.732143,0.805195,0.009048,True
German Credit,XGB,21,0.2,0.696667,0.714286,0.792208,0.010238,True
German Credit,LGB,21,0.0,0.746667,0.839286,0.863636,0.0,True
German Credit,LGB,21,0.05,0.746667,0.821429,0.857143,0.017857,True
German Credit,LGB,21,0.1,0.736667,0.839286,0.831169,-0.01,True
German Credit,LGB,21,0.2,0.71,0.767857,0.805195,0.034762,True
German Credit,MLP,21,0.0,0.7,1.0,1.0,0.0,True
German Credit,MLP,21,0.05,0.7,1.0,1.0,0.0,True
German Credit,MLP,21,0.1,0.7,1.0,1.0,0.0,True
German Credit,MLP,21,0.2,0.7,1.0,1.0,0.0,True
German Credit,LR,37,0.0,0.683333,0.914286,0.835714,0.0,True
German Credit,LR,37,0.05,0.693333,0.928571,0.857143,-0.004286,True
German Credit,LR,37,0.1,0.683333,0.928571,0.857143,-0.014286,True
German Credit,LR,37,0.2,0.693333,0.928571,0.857143,-0.004286,True
German Credit,RF,37,0.0,0.76,0.9,0.878571,0.0,True
German Credit,RF,37,0.05,0.756667,0.914286,0.864286,-0.017619,True
German Credit,RF,37,0.1,0.753333,0.914286,0.828571,-0.020952,True
German Credit,RF,37,0.2,0.74,0.871429,0.814286,0.008571,True
German Credit,XGB,37,0.0,0.753333,0.871429,0.85,0.0,True
German Credit,XGB,37,0.05,0.723333,0.9,0.792857,-0.058571,True
German Credit,XGB,37,0.1,0.723333,0.885714,0.764286,-0.044286,True
German Credit,XGB,37,0.2,0.693333,0.828571,0.728571,-0.017143,True
German Credit,LGB,37,0.0,0.743333,0.871429,0.842857,0.0,True
German Credit,LGB,37,0.05,0.73,0.885714,0.807143,-0.027619,True
German Credit,LGB,37,0.1,0.726667,0.885714,0.764286,-0.030952,True
German Credit,LGB,37,0.2,0.686667,0.785714,0.721429,0.029048,True
German Credit,MLP,37,0.0,0.693333,1.0,0.985714,0.0,True
German Credit,MLP,37,0.05,0.696667,1.0,0.992857,0.003333,True
German Credit,MLP,37,0.1,0.7,1.0,1.0,0.006667,True
German Credit,MLP,37,0.2,0.7,1.0,1.0,0.006667,True
German Credit,LR,55,0.0,0.72,0.947368,0.888889,0.0,True
German Credit,LR,55,0.05,0.72,0.947368,0.888889,0.0,True
German Credit,LR,55,0.1,0.703333,0.947368,0.888889,-0.016667,True
German Credit,LR,55,0.2,0.716667,0.964912,0.908497,-0.020877,True
German Credit,RF,55,0.0,0.776667,0.947368,0.921569,0.0,True
German Credit,RF,55,0.05,0.766667,0.947368,0.908497,-0.01,True
German Credit,RF,55,0.1,0.756667,0.964912,0.915033,-0.037544,True
German Credit,RF,55,0.2,0.726667,0.929825,0.895425,-0.032456,True
German Credit,XGB,55,0.0,0.77,0.964912,0.869281,0.0,True
German Credit,XGB,55,0.05,0.776667,0.964912,0.882353,0.006667,True
German Credit,XGB,55,0.1,0.773333,0.912281,0.888889,0.055965,True
German Credit,XGB,55,0.2,0.746667,0.859649,0.862745,0.08193,True
German Credit,LGB,55,0.0,0.766667,0.964912,0.869281,0.0,True
German Credit,LGB,55,0.05,0.763333,0.947368,0.862745,0.014211,True
German Credit,LGB,55,0.1,0.76,0.912281,0.875817,0.045965,True
German Credit,LGB,55,0.2,0.743333,0.894737,0.875817,0.046842,True
German Credit,MLP,55,0.0,0.7,1.0,1.0,0.0,True
German Credit,MLP,55,0.05,0.7,1.0,1.0,0.0,True
German Credit,MLP,55,0.1,0.7,1.0,1.0,0.0,True
German Credit,MLP,55,0.2,0.7,1.0,1.0,0.0,True
German Credit,LR,99,0.0,0.683333,0.936508,0.863946,0.0,True
German Credit,LR,99,0.05,0.696667,0.936508,0.870748,0.013333,True
German Credit,LR,99,0.1,0.71,0.936508,0.884354,0.026667,True
German Credit,LR,99,0.2,0.696667,0.936508,0.870748,0.013333,True
German Credit,RF,99,0.0,0.786667,0.936508,0.931973,0.0,True
German Credit,RF,99,0.05,0.776667,0.920635,0.918367,0.005873,True
German Credit,RF,99,0.1,0.763333,0.904762,0.904762,0.008413,True
German Credit,RF,99,0.2,0.733333,0.857143,0.877551,0.026032,True
German Credit,XGB,99,0.0,0.756667,0.952381,0.836735,0.0,True
German Credit,XGB,99,0.05,0.74,0.936508,0.823129,-0.000794,True
German Credit,XGB,99,0.1,0.736667,0.904762,0.816327,0.027619,True
German Credit,XGB,99,0.2,0.703333,0.873016,0.782313,0.026032,True
German Credit,LGB,99,0.0,0.75,0.888889,0.884354,0.0,True
German Credit,LGB,99,0.05,0.746667,0.857143,0.891156,0.028413,True
German Credit,LGB,99,0.1,0.76,0.873016,0.884354,0.025873,True
German Credit,LGB,99,0.2,0.743333,0.84127,0.877551,0.040952,True
German Credit,MLP,99,0.0,0.7,1.0,1.0,0.0,True
German Credit,MLP,99,0.05,0.7,1.0,1.0,0.0,True
German Credit,MLP,99,0.1,0.7,1.0,1.0,0.0,True
German Credit,MLP,99,0.2,0.7,1.0,1.0,0.0,True
